Job Title,Company Name,Location,Link
"Working Student at Risk Analytics, Provisioning and Steering Mercedes-Benz Mobility starting July 2023",Mercedes-Benz Mobility AG,Stuttgart,https://www.stepstone.de/cmp/de/mercedes-benz-mobility-ag-174167/jobs
Working Student HR Reporting & Analytics (m/f/d),RKW SE,Mannheim,https://www.stepstone.de/cmp/de/rkw-se-91746/jobs
Werkstudent Media Analytics (w/m/d),RTL Deutschland GmbH,Köln,https://www.stepstone.de/cmp/de/rtl-deutschland-gmbh-143000/jobs
Werkstudent oder Praktikant (m/w/d) Data Analytics Network Operations,Hapag-Lloyd AG,Hamburg,https://www.stepstone.de/cmp/de/hapag-lloyd-ag-3522/jobs
Werkstudent (d/m/w) Sales Analytics,genua GmbH,Kirchheim bei München,https://www.stepstone.de/cmp/de/genua-gmbh-58088/jobs
Werkstudent Data Analytics (w/m/d),Omnicare,Unterföhring bei München,https://www.stepstone.de/cmp/de/omnicare-181490/jobs
Praktikant / Werkstudent Forensic Technology - eDiscovery & Analytics (m/w/d),Deloitte,"Düsseldorf, Hamburg, München, Stuttgart, Köln, Frankfurt am Main, Berlin",https://www.stepstone.de/cmp/de/deloitte-92380/jobs
WerkstudentInnen / PraktikantInnen (m/w/d) in den Bereichen Analytik und Custom Synthesis,WeylChem InnoTec GmbH,Frankfurt,https://www.stepstone.de/cmp/de/weylchem-innotec-gmbh-192304/jobs
Praktikant oder Werkstudent (m/w/d) Consulting / Analytics,Encory GmbH,Unterschleißheim (bei München),https://www.stepstone.de/cmp/de/encory-gmbh-187104/jobs
Werkstudent (m/w/d) Web Analytics und E-Commerce,Stepstone GmbH,Düsseldorf,https://www.stepstone.de/cmp/de/stepstone-gmbh-148733/jobs
Werkstudent Analytics (m/w/d),ALDI SÜD Dienstleistungs-SE & Co. oHG,Mülheim an der Ruhr,https://www.stepstone.de/cmp/de/aldi-s%c3%9cd-dienstleistungs-se-%26-co-ohg-226334/jobs
Werkstudent Data & Analytics (w/m/d) | Beiersdorf,Beiersdorf Shared Services GmbH,Hamburg,https://www.stepstone.de/cmp/de/beiersdorf-shared-services-gmbh-78628/jobs
Werkstudent (m/w/d) Data Analytics,Zeppelin Rental GmbH,Garching bei München,https://www.stepstone.de/cmp/de/zeppelin-rental-gmbh-102225/jobs
Werkstudent HR-Controlling/HR-Analytics (m/w/d),Finanz Informatik GmbH & Co. KG,Frankfurt am Main,https://www.stepstone.de/cmp/de/finanz-informatik-gmbh-%26-co-kg-142521/jobs
Werkstudent Power BI Analytics (w/m/d),RTL Deutschland GmbH,Köln,https://www.stepstone.de/cmp/de/rtl-deutschland-gmbh-143000/jobs
Werkstudenten HR Analytics (m/w/d),bofrost* Dienstleistungs GmbH & Co. KG,Straelen,https://www.stepstone.de/cmp/de/bofrost-dienstleistungs-gmbh-%26-co-kg-4442/jobs
Werkstudent im Bereich Supply Chain Analytics (m/w/d),flaschenpost SE,Münster,https://www.stepstone.de/cmp/de/flaschenpost-se-135518/jobs
Werkstudent - Business Intelligence & Analytics (m/w/d),ALDI Einkauf SE & Co. oHG,Essen,https://www.stepstone.de/cmp/de/aldi-einkauf-se-%26-co-ohg-257534/jobs
Werkstudent National Procurement - Data Analytics / Controlling (m/w/d),ALDI SÜD Dienstleistungs-SE & Co. oHG,Mülheim an der Ruhr,https://www.stepstone.de/cmp/de/aldi-s%c3%9cd-dienstleistungs-se-%26-co-ohg-226334/jobs
Werkstudent oder Praktikant (m/f/d) Data Analytics Corporate Audit,Hapag-Lloyd AG,Hamburg,https://www.stepstone.de/cmp/de/hapag-lloyd-ag-3522/jobs
Werkstudent (w/m/d) - Web Analytics & Reporting,1&1,Karlsruhe,https://www.stepstone.de/cmp/de/1%261-217035/jobs
Werkstudent (m/w/d) Data Analytics Versicherungen,CHECK24,München,https://www.stepstone.de/cmp/de/check24-112642/jobs
Werkstudent Risk & Data Analytics (Inhouse) (m/w/d),Deloitte,Düsseldorf,https://www.stepstone.de/cmp/de/deloitte-92380/jobs
Werkstudent (m/w/d) für Business Intelligence & Analytics,Sennheiser electronic GmbH & Co. KG,Wedemark bei Hannover,https://www.stepstone.de/cmp/de/sennheiser-electronic-gmbh-%26-co-kg-8064/jobs
Werkstudent Analytics Produktmarketing (m/w/d),Lapp Group,Stuttgart,https://www.stepstone.de/cmp/de/lapp-group-7714/jobs
