title,price,rating,reviews,availability
Final Fantasy XVI - Steelbook Edition [Amazon Exklusive] (PlayStation 5),"79,99€",Previous page,,Dieser Artikel erscheint am 22. Juni 2023.
Tropico 5 - Game of the Year Edition [PC],"19,99€","3,9 von 5 Sternen",38 Sternebewertungen,Nur noch 7 auf Lager
Gran Turismo 7 | Standard Edition [PlayStation 5],"39,99€","4,6 von 5 Sternen",2.611 Sternebewertungen,Auf Lager
Horizon Forbidden West [PlayStation 5],"39,99€","4,7 von 5 Sternen",2.620 Sternebewertungen,Auf Lager
Ratchet & Clank: Rift Apart [PlayStation 5],"44,60€","4,8 von 5 Sternen",2.677 Sternebewertungen,Nur noch 1 auf Lager
God of War Ragnarök [PlayStation 5] 100% Uncut,"54,95€","4,8 von 5 Sternen",1.027 Sternebewertungen,Auf Lager
Marvel's Spider-Man: Miles Morales [PlayStation 5],"36,88€","4,6 von 5 Sternen",3.121 Sternebewertungen,
Grand Theft Auto V - [Playstation 5],"23,47€","4,7 von 5 Sternen",323 Sternebewertungen,Auf Lager
Uncharted Legacy of Thieves Collection [PlayStation 5],"24,99€","4,7 von 5 Sternen",1.036 Sternebewertungen,Nur noch 12 auf Lager
Demon's Souls [PlayStation 5],"48,50€","4,7 von 5 Sternen",2.749 Sternebewertungen,Auf Lager
Anno 1800 Console Edition - [PlayStation 5],"37,70€","4,6 von 5 Sternen",204 Sternebewertungen,Auf Lager
Kena: Bridge of Spirits (Deluxe Edition) - [Playstation 5],"29,99€","4,7 von 5 Sternen",936 Sternebewertungen,Auf Lager
PS5 HARVEST LIFE - dein Bauernhof Simulator für PlayStation 5,"24,99€","3,6 von 5 Sternen",25 Sternebewertungen,Auf Lager
FIFA 23 Standard Edition PS5 | Deutsch,"34,99€","4,4 von 5 Sternen",1.198 Sternebewertungen,Nur noch 9 auf Lager
Returnal [PlayStation 5],"38,62€","4,5 von 5 Sternen",726 Sternebewertungen,Nur noch 14 auf Lager
Assassin's Creed Mirage [Playstation 5],,Previous page,,Derzeit nicht auf Lager.
Ghost of Tsushima Director's Cut [PlayStation 5],"51,66€","4,8 von 5 Sternen",679 Sternebewertungen,Gewöhnlich versandfertig in 3 bis 4 Tagen
Astro Bot Rescue Mission [PlayStation 4],"18,50€","4,6 von 5 Sternen",658 Sternebewertungen,Nur noch 4 auf Lager
The Last of Us Part I [PlayStation 5],"74,90€","4,8 von 5 Sternen",392 Sternebewertungen,Gewöhnlich versandfertig in 3 bis 4 Tagen
Assassin's Creed Valhalla - Standard Edition | Uncut - [PlayStation 5],"28,84€","4,4 von 5 Sternen",781 Sternebewertungen,Auf Lager
KING LEO - Jump n Run Abenteuer - PlayStation 5,"24,99€","3,5 von 5 Sternen",17 Sternebewertungen,Auf Lager
Mx vs. ATV Supercross Encore - PlayStation 4,"29,95€","4,1 von 5 Sternen",66 Sternebewertungen,Nur noch 7 auf Lager
